{
  "session_id": "20251213_231253",
  "timestamp": "20251213_232052",
  "stats": {
    "total_samples": 125,
    "samples_per_config": {
      "5seg_neo-hookean": 125
    }
  },
  "samples": [
    {
      "target_position": [
        0.022508103400468826,
        0.0,
        -0.10552923381328583
      ],
      "pressures": [
        154000.0,
        0.0,
        0.0,
        0.0
      ],
      "achieved_position": [
        0.022508103400468826,
        0.0,
        -0.10552923381328583
      ],
      "config_encoding": [
        1.0,
        0.0,
        0.0,
        0.5,
        0.5,
        0.15,
        0.0,
        0.39999999999999997,
        0.5,
        0.44999999999999996,
        0.5499999999999999,
        0.3,
        0.0,
        0.0,
        0.0,
        0.0,
        0.0,
        0.17279999999999998,
        0.19999999999999998,
        0.19999999999999998,
        0.3,
        0.17279999999999998,
        0.0,
        0.0,
        0.0,
        0.0,
        0.0,
        0.1,
        0.1,
        0.1,
        0.13,
        0.1,
        0.0,
        0.0,
        0.0,
        0.0,
        0.0,
        0.5,
        0.16
      ],
      "timestamp": 1765668020.337172,
      "sample_id": "20251213_231253_00000117",
      "num_segments": 5,
      "material_model": "neo-hookean",
      "material_params": {
        "mu": 500000.0,
        "epsilon_pre": 0.15,
        "bulk_modulus": 50000000.0
      }
    },
    {
      "target_position": [
        0.16701176762580872,
        0.0,
        -0.05228196084499359
      ],
      "pressures": [
        104000.0,
        0.0,
        0.0,
        0.0
      ],
      "achieved_position": [
        0.16701176762580872,
        0.0,
        -0.05228196084499359
      ],
      "config_encoding": [
        1.0,
        0.0,
        0.0,
        0.5,
        0.5,
        0.15,
        0.0,
        0.39999999999999997,
        0.5,
        0.44999999999999996,
        0.5499999999999999,
        0.3,
        0.0,
        0.0,
        0.0,
        0.0,
        0.0,
        0.17279999999999998,
        0.19999999999999998,
        0.19999999999999998,
        0.3,
        0.17279999999999998,
        0.0,
        0.0,
        0.0,
        0.0,
        0.0,
        0.1,
        0.1,
        0.1,
        0.13,
        0.1,
        0.0,
        0.0,
        0.0,
        0.0,
        0.0,
        0.5,
        0.16
      ],
      "timestamp": 1765668023.796607,
      "sample_id": "20251213_231253_00000118",
      "num_segments": 5,
      "material_model": "neo-hookean",
      "material_params": {
        "mu": 500000.0,
        "epsilon_pre": 0.15,
        "bulk_modulus": 50000000.0
      }
    },
    {
      "target_position": [
        0.15236730873584747,
        0.024206390604376793,
        -0.06887587159872055
      ],
      "pressures": [
        104000.0,
        35000.0,
        0.0,
        0.0
      ],
      "achieved_position": [
        0.15236730873584747,
        0.024206390604376793,
        -0.06887587159872055
      ],
      "config_encoding": [
        1.0,
        0.0,
        0.0,
        0.5,
        0.5,
        0.15,
        0.0,
        0.39999999999999997,
        0.5,
        0.44999999999999996,
        0.5499999999999999,
        0.3,
        0.0,
        0.0,
        0.0,
        0.0,
        0.0,
        0.17279999999999998,
        0.19999999999999998,
        0.19999999999999998,
        0.3,
        0.17279999999999998,
        0.0,
        0.0,
        0.0,
        0.0,
        0.0,
        0.1,
        0.1,
        0.1,
        0.13,
        0.1,
        0.0,
        0.0,
        0.0,
        0.0,
        0.0,
        0.5,
        0.16
      ],
      "timestamp": 1765668026.719292,
      "sample_id": "20251213_231253_00000119",
      "num_segments": 5,
      "material_model": "neo-hookean",
      "material_params": {
        "mu": 500000.0,
        "epsilon_pre": 0.15,
        "bulk_modulus": 50000000.0
      }
    },
    {
      "target_position": [
        -0.05029996857047081,
        0.007004750892519951,
        -0.07678380608558655
      ],
      "pressures": [
        104000.0,
        159000.0,
        0.0,
        0.0
      ],
      "achieved_position": [
        -0.05029996857047081,
        0.007004750892519951,
        -0.07678380608558655
      ],
      "config_encoding": [
        1.0,
        0.0,
        0.0,
        0.5,
        0.5,
        0.15,
        0.0,
        0.39999999999999997,
        0.5,
        0.44999999999999996,
        0.5499999999999999,
        0.3,
        0.0,
        0.0,
        0.0,
        0.0,
        0.0,
        0.17279999999999998,
        0.19999999999999998,
        0.19999999999999998,
        0.3,
        0.17279999999999998,
        0.0,
        0.0,
        0.0,
        0.0,
        0.0,
        0.1,
        0.1,
        0.1,
        0.13,
        0.1,
        0.0,
        0.0,
        0.0,
        0.0,
        0.0,
        0.5,
        0.16
      ],
      "timestamp": 1765668031.018448,
      "sample_id": "20251213_231253_00000120",
      "num_segments": 5,
      "material_model": "neo-hookean",
      "material_params": {
        "mu": 500000.0,
        "epsilon_pre": 0.15,
        "bulk_modulus": 50000000.0
      }
    },
    {
      "target_position": [
        -0.034254975616931915,
        0.0858960896730423,
        -0.1365388184785843
      ],
      "pressures": [
        104000.0,
        159000.0,
        35000.0,
        0.0
      ],
      "achieved_position": [
        -0.034254975616931915,
        0.0858960896730423,
        -0.1365388184785843
      ],
      "config_encoding": [
        1.0,
        0.0,
        0.0,
        0.5,
        0.5,
        0.15,
        0.0,
        0.39999999999999997,
        0.5,
        0.44999999999999996,
        0.5499999999999999,
        0.3,
        0.0,
        0.0,
        0.0,
        0.0,
        0.0,
        0.17279999999999998,
        0.19999999999999998,
        0.19999999999999998,
        0.3,
        0.17279999999999998,
        0.0,
        0.0,
        0.0,
        0.0,
        0.0,
        0.1,
        0.1,
        0.1,
        0.13,
        0.1,
        0.0,
        0.0,
        0.0,
        0.0,
        0.0,
        0.5,
        0.16
      ],
      "timestamp": 1765668033.88886,
      "sample_id": "20251213_231253_00000121",
      "num_segments": 5,
      "material_model": "neo-hookean",
      "material_params": {
        "mu": 500000.0,
        "epsilon_pre": 0.15,
        "bulk_modulus": 50000000.0
      }
    },
    {
      "target_position": [
        0.18116196990013123,
        0.10570497065782547,
        -0.0005410239100456238
      ],
      "pressures": [
        104000.0,
        52000.0,
        35000.0,
        0.0
      ],
      "achieved_position": [
        0.18116196990013123,
        0.10570497065782547,
        -0.0005410239100456238
      ],
      "config_encoding": [
        1.0,
        0.0,
        0.0,
        0.5,
        0.5,
        0.15,
        0.0,
        0.39999999999999997,
        0.5,
        0.44999999999999996,
        0.5499999999999999,
        0.3,
        0.0,
        0.0,
        0.0,
        0.0,
        0.0,
        0.17279999999999998,
        0.19999999999999998,
        0.19999999999999998,
        0.3,
        0.17279999999999998,
        0.0,
        0.0,
        0.0,
        0.0,
        0.0,
        0.1,
        0.1,
        0.1,
        0.13,
        0.1,
        0.0,
        0.0,
        0.0,
        0.0,
        0.0,
        0.5,
        0.16
      ],
      "timestamp": 1765668037.08413,
      "sample_id": "20251213_231253_00000122",
      "num_segments": 5,
      "material_model": "neo-hookean",
      "material_params": {
        "mu": 500000.0,
        "epsilon_pre": 0.15,
        "bulk_modulus": 50000000.0
      }
    },
    {
      "target_position": [
        0.19487331807613373,
        0.08410469442605972,
        0.03054969571530819
      ],